建筑,恒温策略总能耗(kWh),恒温策略总电费(元),分时控温总能耗(kWh),分时控温总电费(元)
地点1,1273278.3179378817,1212788.5483387164,3877490.0291952956,2439957.440178526
地点2,5091025.5640474055,5366098.36620621,11483325.788181594,13536526.675041327
