建筑,a,b,c,d,RMSE,R2
地点1,0.9786204264695445,0.0003283742671200273,6.165462591005828e-05,0.4200451708600603,0.19600718596980335,0.9625961637780795
地点2,0.9888910421151992,0.002767147820244837,-6.2621337039684734e-06,0.20923524189692344,0.3413788248594599,0.9745149261136903
